<?xml version="1.0" encoding="UTF-8"?>
<beans xmlns="http://www.springframework.org/schema/beans" 
xmlns:context="http://www.springframework.org/schema/context" 
xmlns:mvc="http://www.springframework.org/schema/mvc" 
xmlns:xsi="http://www.w3.org/2001/XMLSchema-instance" 
xmlns:tx="http://www.springframework.org/schema/tx" 
xsi:schemaLocation="http://www.springframework.org/schema/beans 
http://www.springframework.org/schema/beans/spring-beans-3.0.xsd 
http://www.springframework.org/schema/context 
http://www.springframework.org/schema/context/spring-context-3.0.xsd 
http://www.springframework.org/schema/mvc 
http://www.springframework.org/schema/mvc/spring-mvc-3.0.xsd 
http://www.springframework.org/schema/tx 
http://www.springframework.org/schema/tx/spring-tx-3.2.xsd">


  <context:component-scan base-package="com.cg.springmvcdem" /> 
  <mvc:annotation-driven /> 
  <bean id="viewResolver" class="org.springframework.web.servlet.view.InternalResourceViewResolver">
  <property name="prefix" value="/WEB-INF/pages/" /> 
  <property name="suffix" value=".jsp" />
</bean>


  <bean class="org.springframework.orm.jpa.support.PersistenceAnnotationBeanPostProcessor" /> 
  <!-- This bean will hold references to our database  -->
 <bean id="dataSource" class="org.springframework.jdbc.datasource.DriverManagerDataSource">
  <property name="driverClassName" value="com.mysql.jdbc.Driver" /> 
  <property name="url" value="jdbc:mysql://localhost:3306/test" /> 
  <property name="username" value="root" /> 
  <property name="password" value="Capgemini123" /> 
  </bean>
  
  
  <!-- Spring way of entity manager factory configuration --> 
 <bean id="entityManagerFactory" class="org.springframework.orm.jpa.LocalContainerEntityManagerFactoryBean">
  <property name="dataSource" ref="dataSource" /> 
  <property name="packagesToScan" value="com.cg.springmvcdem.dto" /> 
  <property name="persistenceProviderClass" value="org.hibernate.jpa.HibernatePersistenceProvider" /> 
 <property name="jpaPropertyMap">
 <map>
  <entry key="hibernate.dialect" value="org.hibernate.dialect.MySQL5InnoDBDialect" /> 
  <entry key="hibernate.hbm2ddl.auto" value="update" /> 
  </map>
  </property>
  </bean>
  
  
  <!-- This bean will handle all transaction within an application  -->
 <bean id="transactionManager" class="org.springframework.orm.jpa.JpaTransactionManager">
  <property name="entityManagerFactory" ref="entityManagerFactory" /> 
  </bean>
  <!-- This is required to handle transactions via Annotations like @Transactional --> 
  <tx:annotation-driven transaction-manager="transactionManager" /> 
  </beans>