<?xml version="1.0" encoding="UTF-8"?>
<beans xmlns="http://www.springframework.org/schema/beans"
	xmlns:context="http://www.springframework.org/schema/context"
	xmlns:mvc="http://www.springframework.org/schema/mvc" 
	xmlns:xsi="http://www.w3.org/2001/XMLSchema-instance"
	xmlns:tx="http://www.springframework.org/schema/tx"
	xsi:schemaLocation="
        http://www.springframework.org/schema/beans     
        http://www.springframework.org/schema/beans/spring-beans-3.0.xsd
        http://www.springframework.org/schema/context 
        http://www.springframework.org/schema/context/spring-context-3.0.xsd
        http://www.springframework.org/schema/mvc
        http://www.springframework.org/schema/mvc/spring-mvc-3.0.xsd
        http://www.springframework.org/schema/tx 
        http://www.springframework.org/schema/tx/spring-tx-3.2.xsd">
        
        
        <bean id="prod"  class="com.cg.Demoonespringcore.dto.Product" scope="prototype" autowire="byType">
      <property name="id" value="1001"></property>
      <property name="name" value="dan"></property>
      <property name="price" value="10.00"></property>
      <property name="description" value="goo"></property>
     
      </bean>
        
        <bean id="one"  class="com.cg.Demoonespringcore.dto.Item">
      <constructor-arg name="id" value="10001"></constructor-arg>
      <constructor-arg  name="nameOfShop" value="ABC Store..."></constructor-arg>
      </bean> 
     
     
        
        <bean id="two"  class="com.cg.Demoonespringcore.dto.Item">
      <constructor-arg name="id" value="10002"></constructor-arg>
      <constructor-arg  name="nameOfShop" value="BCD Store..."></constructor-arg>
      </bean> 
     
        
        <bean id="three"  class="com.cg.Demoonespringcore.dto.Item">
      <constructor-arg name="id" value="10003"></constructor-arg>
      <constructor-arg  name="nameOfShop" value="EFG Store..."></constructor-arg>
      </bean> 
     
         
        <bean id="four"  class="com.cg.Demoonespringcore.dto.Item">
      <constructor-arg name="id" value="10004"></constructor-arg>
      <constructor-arg  name="nameOfShop" value="GHI Store..."></constructor-arg>
      </bean> 
     
        </beans>